target,metric,pearson_r,pearson_p,spearman_r,spearman_p
cbs,f1,0.9535207674232509,0.19485935245487512,1.0,0.0
cbs,roc_auc,0.9984931799826023,0.03495267026686398,1.0,0.0
cbs,accuracy,0.9984931799826022,0.034952670266866555,1.0,0.0
cbs,precision,0.9804125326064604,0.12621056695284508,1.0,0.0
cbs,recall,0.9804125326064604,0.12621056695284508,1.0,0.0
cbs,time_score,-0.09071480152123995,0.9421696619883189,-0.5,0.6666666666666667
cbs,stability_score,-0.8759775371626448,0.32043468031684874,-1.0,0.0
