metric,weight,mean_contribution,contribution_variance,variance_contribution_pct,mean_contribution_pct,max_contribution_pct,min_contribution_pct,mean_leave_one_out_impact,pearson_cbs_corr,spearman_cbs_corr,metric_mean,metric_std,impact_rank,contribution_rank
f1,0.3,0.14285714285714288,0.022653061224489804,0.4832497317235193,0.2622784074396977,0.43548387096774166,0.0,0.06849816849816846,0.9535207674232509,1.0,0.4761904761904761,0.5016977977548923,1.0,1.0
stability_score,0.1,0.04666666666666671,0.0025333333333333336,0.05404270273088245,0.2118279569892474,0.5,0.0,0.06513363180029848,-0.8759775371626448,-1.0,0.46666666666666695,0.5033222956847165,2.0,2.0
time_score,0.1,0.051282051282051294,0.002504930966469429,0.05343680509827214,0.1876876876876877,0.5,0.0,0.05224528557861887,-0.09071480152123995,-0.5,0.5128205128205128,0.5004928537421317,3.0,3.0
roc_auc,0.2,0.08000000000000004,0.011200000000000002,0.23892563312600662,0.12323936840065881,0.23423423423423426,0.0,0.036782661782661756,0.9984931799826023,1.0,0.40000000000000013,0.529150262212918,4.0,4.0
accuracy,0.1,0.04000000000000001,0.0028000000000000013,0.059731408281501676,0.06161968420032935,0.11711711711711713,0.0,0.016347849681183062,0.9984931799826022,1.0,0.39999999999999997,0.5291502622129182,5.0,6.0
precision,0.1,0.04444444444444445,0.0025925925925925934,0.05530685951990895,0.07667344764118957,0.11711711711711713,0.0,0.014231447564780952,0.9804125326064604,1.0,0.4444444444444444,0.5091750772173156,6.0,5.0
recall,0.1,0.04444444444444445,0.0025925925925925934,0.05530685951990895,0.07667344764118957,0.11711711711711713,0.0,0.014231447564780952,0.9804125326064604,1.0,0.4444444444444444,0.5091750772173156,6.0,5.0
