metric,raw_min,raw_max,raw_std,normalized_min,normalized_max,normalized_std,compression_ratio,rank_correlation,rank_p_value,ranking_distortion,unique_raw_values,unique_normalized_values
accuracy,0.86,0.91,0.026457513110645932,0.0,1.0,0.5291502622129182,19.999999999999982,-0.5,0.6666666666666667,0.0,3,3
f1,0.85,0.92,0.03511884584284249,0.0,1.0,0.5016977977548923,14.285714285714274,-0.5,0.6666666666666667,0.0,3,3
precision,0.84,0.9,0.03055050463303896,0.0,1.0,0.5091750772173156,16.666666666666654,-0.5,0.6666666666666667,0.0,3,3
recall,0.86,0.92,0.03055050463303896,0.0,1.0,0.5091750772173156,16.666666666666654,-0.5,0.6666666666666667,0.0,3,3
roc_auc,0.89,0.94,0.026457513110645866,0.0,1.0,0.529150262212918,20.00000000000003,-0.5,0.6666666666666667,0.0,3,3
time_score,0.3333333333333333,0.9523809523809523,0.3098289094594148,0.0,1.0,0.5004928537421317,1.6153846153846156,-0.5,0.6666666666666667,0.0,3,3
stability_score,0.970873786407767,0.9803921568627451,0.00475920410187249,0.0,1.0,0.5033222956847165,105.75766134650253,-0.5,0.6666666666666667,0.0,3,3
cbs_proxy,0.8358943089430897,0.9007540453074437,0.03341546046246563,0.20000000000000004,0.8538461538461539,0.3532298710532687,10.570851520961051,0.5,0.6666666666666667,2.0,3,3
