model,baseline_rank,mean_rank,rank_std,top1_probability,top3_probability,cbs_mean,cbs_std,cbs_lower,cbs_upper,noise_std
RandomForest,1.0,1.0,0.0,1.0,1.0,0.8454182923745341,0.007988161089738295,0.8258971847956726,0.857870289360405,0.03
SVM,2.0,2.0,0.0,1.0,1.0,0.29668267914469265,0.010762036525195978,0.2758272329987235,0.31801902794953163,0.025
LogisticRegression,3.0,3.0,0.0,1.0,1.0,0.20478004477979883,0.00502040280411273,0.19677774530559136,0.2164857137117612,0.02
