model,baseline_cbs,baseline_rank,cbs_mean,cbs_std,mean_rank,rank_std,top1_probability,rank_1_frequency,rank_reversal_frequency,mean_spearman_vs_baseline,mean_kendall_vs_baseline,mean_pairwise_reversals
RandomForest,0.8538461538461539,1.0,0.8525885896663149,0.07024456215001344,1.0016,0.03997198458808847,0.9984,0.9984,0.0016,0.9096,0.8805333333333332,0.1792
SVM,0.2952380952380954,2.0,0.29577019137680255,0.0294602883051881,2.1776,0.3822138897155601,0.0,0.0,0.1776,0.9096,0.8805333333333332,0.1792
LogisticRegression,0.20000000000000004,3.0,0.20169709190865057,0.08883545331418033,2.8208,0.38770791001048316,0.0016,0.0016,0.1776,0.9096,0.8805333333333332,0.1792
